name,balance,tag,url
BlackRock,72573876115.28,Fund,/explorer/entity/blackrock
Strategy (Prev. MicroStrategy),46850116974.02,Fund,/explorer/entity/microstrategy
Grayscale,27367424715.50,Fund,/explorer/entity/grayscale
ARK Invest,4471192936.96,Fund,/explorer/entity/ark-invest
Bitwise,4155591566.26,Fund,/explorer/entity/bitwise
Twenty One Capital,3756215509.50,Fund,/explorer/entity/twenty-one-capital
Purpose Investments,2405400530.60,Fund,/explorer/entity/purpose-investments
Winklevoss Capital,2055934879.39,Fund,/explorer/entity/winklevoss-capital
VanEck,1783040888.89,Fund,/explorer/entity/vaneck
21Shares (21.co),1385672913.29,Fund,/explorer/entity/21shares
ETC Group,1341327404.58,Fund,/explorer/entity/etc-group
WisdomTree,1303245453.63,Fund,/explorer/entity/wisdomtree
Coinshares,1073563176.76,Fund,/explorer/entity/coinshares
MetaPlanet,1008930442.75,Fund,/explorer/entity/metaplanet-2
Fidelity FBTC ETF Inflows,962888856.61,Fund,/explorer/entity/fidelity
Alameda Research,813097583.63,Fund,/explorer/entity/alameda-research
3IQ,697483951.14,Fund,/explorer/entity/3iq
Galaxy Digital,634548140.01,Fund,/explorer/entity/galaxy-digital
Valkyrie,583034247.52,Fund,/explorer/entity/valkyrie
Franklin Templeton,545597750.84,Fund,/explorer/entity/franklin-templeton
Jump Crypto,536573638.56,Fund,/explorer/entity/jump-trading
Invesco,534216963.00,Fund,/explorer/entity/invesco
Wintermute,504751054.97,Fund,/explorer/entity/wintermute
7 Siblings,467898864.53,Fund,/explorer/entity/7-siblings
a16z,402727207.56,Fund,/explorer/entity/a16z
CI Global Asset Management,380408581.45,Fund,/explorer/entity/ci-global-asset-management
Abraxas Capital Mgmt (Heka Funds),281999542.39,Fund,/explorer/entity/abraxas-capital-heka-funds
Osprey Funds,236436768.17,Fund,/explorer/entity/osprey-funds
Bosera Funds,180841125.16,Fund,/explorer/entity/bosera-funds
QCP Capital,157255121.22,Fund,/explorer/entity/qcp-capital
B2C2 Group,127980209.31,Fund,/explorer/entity/b2c2
Pantera Capital,104115292.24,Fund,/explorer/entity/pantera-capital
Blockchain Capital,94874213.43,Fund,/explorer/entity/blockchain-capital
Symbolic Capital Partners,79383201.02,Fund,/explorer/entity/scp
Dragonfly Capital,77832565.53,Fund,/explorer/entity/dragonfly-capital
Teneo,75846357.34,Fund,/explorer/entity/teneo
GSR Markets,72395398.36,Fund,/explorer/entity/gsr-markets
Mirana Ventures,68901356.23,Fund,/explorer/entity/mirana-ventures
Mercado Libre,57555673.87,Fund,/explorer/entity/mercado-libre
DeFiance Capital,43384682.69,Fund,/explorer/entity/defiance-capital
Fuel Network,42584996.61,Fund,/explorer/entity/fuel-network
Cumberland DRW,40708578.21,Fund,/explorer/entity/cumberland
Genesis Trading,34817547.58,Fund,/explorer/entity/genesis-trading
Amber Group,28818556.64,Fund,/explorer/entity/amber
Longling Capital,27938939.55,Fund,/explorer/entity/longling-capital
Arrington XRP Capital,27767269.66,Fund,/explorer/entity/arrington-xrp-capital
UDHC,24267784.06,Fund,/explorer/entity/udhc
Spartan Group,21388604.22,Fund,/explorer/entity/spartan-group
Manifold Trading,15961601.72,Fund,/explorer/entity/manifoldtrading
YZi Labs (Binance Labs Fund),12330356.90,Fund,/explorer/entity/binance-labs
Fasanara Capital,12241221.87,Fund,/explorer/entity/fasanara-capital
DWF Labs,12173450.78,Fund,/explorer/entity/dwf-labs
Draper Dragon,11871341.67,Fund,/explorer/entity/draper-dragon
Flowdesk,10991750.03,Fund,/explorer/entity/flowdesk
Onebit,9508072.56,Fund,/explorer/entity/onebit-2
True Ventures,9212617.35,Fund,/explorer/entity/true-ventures
TrustedVolumes,8478974.26,Fund,/explorer/entity/trustedvolumes
Dokia Capital,7811853.52,Fund,/explorer/entity/dokia-capital
Maven 11,6487771.55,Fund,/explorer/entity/maven-11
Lemniscap,6444618.56,Fund,/explorer/entity/lemniscap
Paradigm Capital,6399488.99,Fund,/explorer/entity/paradigm-capital
Hex Trust,6277490.65,Fund,/explorer/entity/hex-trust
HashKey Capital,6264376.03,Fund,/explorer/entity/hashkey-capital
Akuna Capital,5250638.45,Fund,/explorer/entity/akuna-capital
KR1,5236092.25,Fund,/explorer/entity/kr1
Infinity Ventures Crypto,5210240.26,Fund,/explorer/entity/infinity-ventures-crypto
Multicoin Capital,5125470.23,Fund,/explorer/entity/multicoin-capital
Kelsier Ventures (Hayden Davis),4968066.36,Fund,/explorer/entity/kelsier-ventures
PleasrDAO,4691428.72,Fund,/explorer/entity/pleasrdao
Laser Digital,4632737.20,Fund,/explorer/entity/laser-digital
Neo Tokyo,4630869.17,Fund,/explorer/entity/neo-tokyo
Seed Club Ventures,4472980.83,Fund,/explorer/entity/seed-club-ventures
SevenX Ventures,4324381.98,Fund,/explorer/entity/sevenx-ventures
NGC Ventures,4316249.56,Fund,/explorer/entity/ngc-ventures
Collab+Currency,4110959.17,Fund,/explorer/entity/collab-currency
Flow Traders,3788916.13,Fund,/explorer/entity/flow-traders
OKX Blockdream Ventures,3553070.74,Fund,/explorer/entity/okx-blockdream-ventures
Selini Capital,2887278.73,Fund,/explorer/entity/selini-capital
Bitscale Capital,2706007.08,Fund,/explorer/entity/bitscale-capital
Signum Capital,2694529.57,Fund,/explorer/entity/signum-capital
Caladan (Alphalab Capital),2562326.58,Fund,/explorer/entity/alphalab-capital
New Form Capital,2478731.08,Fund,/explorer/entity/new-form-capital
Shorooq Partners,2258717.22,Fund,/explorer/entity/shorooq
Jane Street,2130882.20,Fund,/explorer/entity/jane-street
1confirmation,1887980.83,Fund,/explorer/entity/1confirmation
Struck Capital,1692857.42,Fund,/explorer/entity/struck-capital
Spark Digital Capital,1532934.82,Fund,/explorer/entity/spark-digital-capital
ParaFi Capital,1469327.90,Fund,/explorer/entity/parafi-capital
Sigil Fund,1447179.07,Fund,/explorer/entity/sigil-fund
Robot Ventures,1404351.02,Fund,/explorer/entity/robot-ventures
Bofur Capital,1344012.15,Fund,/explorer/entity/bofur-capital
Pendulum Fund,1323896.08,Fund,/explorer/entity/pendulum-fund
6529 Museum,1175625.23,Fund,/explorer/entity/6529-museum
MetaCartel,1155874.75,Fund,/explorer/entity/metacartel
Hypersphere Ventures,1147718.82,Fund,/explorer/entity/hypersphere-ventures
Sky9 Capital,1110694.69,Fund,/explorer/entity/sky9-capital
Copium Capital,1042767.11,Fund,/explorer/entity/copium-capital
Auros Global,957811.44,Fund,/explorer/entity/auros
NEON,931844.32,Fund,/explorer/entity/neon-dao
Master Ventures,930514.06,Fund,/explorer/entity/master-ventures
RH Montgomery Properties,912619.68,Fund,/explorer/entity/rhmp-properties
Enigma Securities,909483.27,Fund,/explorer/entity/enigma-securities
Blue Hills Fund,731609.63,Fund,/explorer/entity/blue-hills-fund
Animoca Brands,718883.62,Fund,/explorer/entity/animoca-brands
Tokka Labs,667921.08,Fund,/explorer/entity/tokka-labs
Republic Capital,664521.97,Fund,/explorer/entity/republic-capital
Cypher Capital,663793.46,Fund,/explorer/entity/cypher-capital
Simply VC,661285.82,Fund,/explorer/entity/simply-vc
Techemy Capital,569021.99,Fund,/explorer/entity/techemy-capital
Framework Ventures,564677.37,Fund,/explorer/entity/framework-ventures
Continue Capital,539309.79,Fund,/explorer/entity/continue-capital
IOSG Ventures,515783.78,Fund,/explorer/entity/iosg-ventures
Punk Ventures DAO,512017.22,Fund,/explorer/entity/punk-ventures-dao
Ceyuan Ventures,509907.35,Fund,/explorer/entity/ceyuan-ventures
XYZETH,472329.22,Fund,/explorer/entity/xyzeth
Taureon Capital,418062.85,Fund,/explorer/entity/taureon-capital
mgnr,410796.47,Fund,/explorer/entity/mgnr
Ether Capital,356379.03,Fund,/explorer/entity/ether-capital
Fenbushi Capital,317961.59,Fund,/explorer/entity/fenbushi-capital
FBG Capital,290712.40,Fund,/explorer/entity/fbg-capital
Chain Capital,289288.59,Fund,/explorer/entity/chain-capital
1kx,270430.13,Fund,/explorer/entity/1kx
Pharos Fund (Lantern Ventures),256296.35,Fund,/explorer/entity/pharos
Peak Defi,248846.87,Fund,/explorer/entity/peak-defi
decentro.vc,236775.30,Fund,/explorer/entity/decentro-vc
Hack VC,229935.85,Fund,/explorer/entity/hack-vc
Clairvoyant Labs,212653.23,Fund,/explorer/entity/clairvoyant-labs
LD Capital,207056.12,Fund,/explorer/entity/ld-capital
DeFi Education Fund,203073.25,Fund,/explorer/entity/defi-education-fund
Exnetwork Capital,202305.59,Fund,/explorer/entity/exnetwork-capital
Fingerprints DAO,195466.91,Fund,/explorer/entity/fingerprints-dao
Big Brain Holdings,194113.18,Fund,/explorer/entity/big-brain-holdings
AngelDAO,175963.48,Fund,/explorer/entity/angeldaoorg
BR Capital,172175.55,Fund,/explorer/entity/br-capital
DV Chain,157588.17,Fund,/explorer/entity/dv-chain
Zee Prime Capital,149949.11,Fund,/explorer/entity/zee-prime-capital
Genblock,142663.33,Fund,/explorer/entity/genblock
BridgeTower Capital,134986.58,Fund,/explorer/entity/bridgetower
SNZ Holding,129805.43,Fund,/explorer/entity/snz-holding
Fundamental Labs,110454.22,Fund,/explorer/entity/fundamental-labs
CMS Holdings,109868.63,Fund,/explorer/entity/cms-holdings
Nascent,96653.65,Fund,/explorer/entity/nascent
LayerX Capital,90869.89,Fund,/explorer/entity/layerx-capital
ArkStream Capital,85114.69,Fund,/explorer/entity/arkstream-capital
Galleon,62657.40,Fund,/explorer/entity/galleon
Coin98 Ventures,55886.47,Fund,/explorer/entity/coin98-ventures
Alliance DAO,50175.71,Fund,/explorer/entity/alliance-dao
Legendary Cobra Club,45761.24,Fund,/explorer/entity/legendary-cobra-club
vVv,44578.25,Fund,/explorer/entity/vvv-net
Three Arrows Capital,43596.58,Fund,/explorer/entity/three-arrows-capital
Wincent,42665.92,Fund,/explorer/entity/wincent-fund
DTC Capital,41300.02,Fund,/explorer/entity/dtc-capital
Oapital,39878.78,Fund,/explorer/entity/oapital
Ambush Capital,39627.52,Fund,/explorer/entity/ambush-capital
Validation Capital,32956.96,Fund,/explorer/entity/validation-capital
AB Nexus Fund,32562.09,Fund,/explorer/entity/ab-nexus-fund
Fabric Ventures,31653.42,Fund,/explorer/entity/fabric-ventures
August,31629.71,Fund,/explorer/entity/august
Blocksize Capital,30848.14,Fund,/explorer/entity/blocksize-capital
121G.fund,30252.19,Fund,/explorer/entity/121g-fund
Wave Digital Assets,29665.80,Fund,/explorer/entity/wave-digital-assets
Free Company,29520.56,Fund,/explorer/entity/free-company
TerraNova Capital,29365.00,Fund,/explorer/entity/terranova-capital
Vitruvius Ventures,28755.20,Fund,/explorer/entity/vitruvius-ventures
Moonshot Fund,27252.16,Fund,/explorer/entity/moonshot-fund
Future Optimization Profit Sharing Plan And Trust,25525.05,Fund,/explorer/entity/future-optimization-profit-sharing-plan-and-trust
Magnus Capital,24969.22,Fund,/explorer/entity/magnus-capital
The Forest Road Company,24885.37,Fund,/explorer/entity/the-forest-road-company
Axia8 Ventures,24877.27,Fund,/explorer/entity/axia8-ventures
Portofino Technologies,22706.34,Fund,/explorer/entity/portofino-technologies
Variant Fund,22089.88,Fund,/explorer/entity/variant-fund
SquidDAO,18289.72,Fund,/explorer/entity/squiddao
Forbole,17793.10,Fund,/explorer/entity/forbole
Stacker Ventures,15757.74,Fund,/explorer/entity/stacker-ventures
LedgerPrime,14335.35,Fund,/explorer/entity/ledgerprime
Link Ventures Capital,13418.66,Fund,/explorer/entity/link-ventures-capital
Solidefi.fund,13206.42,Fund,/explorer/entity/solidefi-fund
Nibbio,13114.89,Fund,/explorer/entity/nibbio
FutureMoney Group,12845.84,Fund,/explorer/entity/futuremoney-group
K21,12792.29,Fund,/explorer/entity/k21
Foresight Ventures,11144.23,Fund,/explorer/entity/foresight-ventures
Caballeros Capital,11116.08,Fund,/explorer/entity/caballeros-capital
Polder Fund,10028.34,Fund,/explorer/entity/polder-fund
Digital Finance Group,9502.29,Fund,/explorer/entity/digital-finance-group
Puzzle Ventures,9046.27,Fund,/explorer/entity/puzzle-ventures
3Jane Capital,9024.91,Fund,/explorer/entity/3jane-capital
BlockWater Management,8982.60,Fund,/explorer/entity/blockwater-management
Delphi Digital,7788.03,Fund,/explorer/entity/delphi-digital
Numeus Group,7596.70,Fund,/explorer/entity/numeus-group
Gordian Block Capital,6222.48,Fund,/explorer/entity/gordian-capital
Coinfund,6091.64,Fund,/explorer/entity/coinfund
Plutus VC,6015.17,Fund,/explorer/entity/plutus-vc
Qilin Labs,5965.80,Fund,/explorer/entity/qilin-labs
HTX Ventures,5959.41,Fund,/explorer/entity/htx-ventures
Kosmos Ventures,5808.00,Fund,/explorer/entity/kosmos-ventures
Mechanism Capital,5776.21,Fund,/explorer/entity/mechanism-capital
8 Decimal Capital,5650.24,Fund,/explorer/entity/8-decimal-capital
LionTree,5638.80,Fund,/explorer/entity/liontree
CTF Capital,5610.44,Fund,/explorer/entity/ctf-capital
Own.fund,5389.23,Fund,/explorer/entity/own-fund
Touzi Capital,4779.76,Fund,/explorer/entity/touzi-capital
Anti Fund,4669.98,Fund,/explorer/entity/anti-fund
Chapter One,4374.14,Fund,/explorer/entity/chapter-one
Alven Capital,4256.61,Fund,/explorer/entity/alven-capital
Momentum 6,4082.31,Fund,/explorer/entity/momentum-6
AKG Ventures,4038.00,Fund,/explorer/entity/akg-ventures
Flow Ventures,3949.11,Fund,/explorer/entity/flow-ventures
Keyrock,3546.24,Fund,/explorer/entity/keyrock
D1 Ventures,3453.44,Fund,/explorer/entity/d1-ventures
Nima Capital,3359.87,Fund,/explorer/entity/nima-capital
Abxinvest,3299.33,Fund,/explorer/entity/abxinvest
eGirl Capital,3287.60,Fund,/explorer/entity/egirl-capital
Node Capital,2900.30,Fund,/explorer/entity/node-capital
Sixtant,2826.22,Fund,/explorer/entity/sixtant
Prycto,2779.36,Fund,/explorer/entity/prycto
Polychain Capital,2749.44,Fund,/explorer/entity/polychain-capital
Electric Capital,2650.90,Fund,/explorer/entity/electric-capital
CitizenX,2633.95,Fund,/explorer/entity/citizenx
Bankless VC,2566.93,Fund,/explorer/entity/banklessvc
Profluent Trading,2451.04,Fund,/explorer/entity/profluent-trading
TPS Capital,2443.67,Fund,/explorer/entity/tps-capital
Babel Finance,2397.29,Fund,/explorer/entity/babel-finance
GS Capital,2367.03,Fund,/explorer/entity/gs-capital
Legion,2336.32,Fund,/explorer/entity/legion-ventures
Apollo Crypto,2303.25,Fund,/explorer/entity/apollo-capital
Inception Capital,2221.62,Fund,/explorer/entity/op-crypto-vc
Yuobi Capital,2212.41,Fund,/explorer/entity/yuobi-capital
Folkvang Trading,2183.73,Fund,/explorer/entity/folkvang-trading
Mike Duboe,2147.26,Fund,/explorer/entity/mike-duboe
Varys Capital,2070.23,Fund,/explorer/entity/varys-capital
A-DAM Fund,2015.83,Fund,/explorer/entity/a-dam-fund
7 O'Clock Capital,1907.17,Fund,/explorer/entity/7-oclock-capital
AU21 Capital,1806.43,Fund,/explorer/entity/au21-capital
Everest Ventures Group,1742.75,Fund,/explorer/entity/everest-ventures-group
Woorton,1624.49,Fund,/explorer/entity/woorton
BCW Group,1559.68,Fund,/explorer/entity/bcw-group
Digital Currency Group,1540.44,Fund,/explorer/entity/digital-currency-group
LAUNCHub Ventures,1450.61,Fund,/explorer/entity/launchub-ventures
VBC Ventures,1370.91,Fund,/explorer/entity/vbc-ventures
Gattaca Ventures,1310.19,Fund,/explorer/entity/gattaca-ventures
Secure Digital Markets,1279.30,Fund,/explorer/entity/secure-digital-markets
GBV Capital,1249.21,Fund,/explorer/entity/gbv-capital
Bing Ventures,1200.39,Fund,/explorer/entity/bing-ventures
Eden Block,1173.31,Fund,/explorer/entity/eden-block
Dialectic,1114.06,Fund,/explorer/entity/dialectic
Diamond Hands Capital,1052.46,Fund,/explorer/entity/diamond-hands-capital
Bigcoin Capital,1018.88,Fund,/explorer/entity/bigcoin-capital
Brevan Howard Digital,914.12,Fund,/explorer/entity/brevan-howard-digital
Red Oak Cayman,899.89,Fund,/explorer/entity/red-oak-partners
Vexil Capital,898.76,Fund,/explorer/entity/vexil-capital
Moonbag Capital,883.58,Fund,/explorer/entity/moonbag-capital
Moonrock Capital,795.20,Fund,/explorer/entity/moonrock-capital
Node Kapital,775.29,Fund,/explorer/entity/node-kapital
JST Digital,764.10,Fund,/explorer/entity/jst-digital
Superstate,758.32,Fund,/explorer/entity/superstate
Edge and Pace Crypto,757.42,Fund,/explorer/entity/edge-and-pace-crypto
Hello Capital,652.92,Fund,/explorer/entity/hello-capital
VolleyFire,635.27,Fund,/explorer/entity/volleyfire
Wavebridge,583.26,Fund,/explorer/entity/wavebridge
Incuba Alpha,566.15,Fund,/explorer/entity/incuba-alpha
Kirin Fund,542.77,Fund,/explorer/entity/kirin-fund
NewTribe Capital,525.97,Fund,/explorer/entity/newtribe-capital
Astelek Crypto Fund,510.36,Fund,/explorer/entity/astelek-crypto-fund
AP Capital,488.92,Fund,/explorer/entity/ap-capital
Bain Capital Ventures,412.63,Fund,/explorer/entity/bain-capital-ventures
Digital Asset Funds Mgmt,407.16,Fund,/explorer/entity/dafm
Red River Trading,382.25,Fund,/explorer/entity/red-river-trading
Invictus Capital,370.60,Fund,/explorer/entity/invictus-capital
Du Capital,367.32,Fund,/explorer/entity/du-capital
Galois Capital,354.00,Fund,/explorer/entity/galois-capital
Pulsar,333.90,Fund,/explorer/entity/pulsar-trading-capital
BTC12 Capital,322.34,Fund,/explorer/entity/btc12-capital
GFS Ventures,312.21,Fund,/explorer/entity/gfs-ventures
Interchain,287.36,Fund,/explorer/entity/icf
Next Generation Fund,282.62,Fund,/explorer/entity/next-generation-fund
Alpha Omega Capital,247.32,Fund,/explorer/entity/alpha-omega-capital
Antalpha,229.19,Fund,/explorer/entity/antalpha
Kronos Research,228.70,Fund,/explorer/entity/kronos-asset-management
Bastion Trading,220.14,Fund,/explorer/entity/bastion-trading
Qwerty Fund,208.82,Fund,/explorer/entity/qwerty-fund
Aleph Ventures,207.68,Fund,/explorer/entity/alephventures
Rarestone Capital,200.92,Fund,/explorer/entity/rarestone-capital
Dunamis Trading,194.05,Fund,/explorer/entity/dunamis-trading
Orthogonal Trading,184.41,Fund,/explorer/entity/orthogonal-trading
CommPeak,183.23,Fund,/explorer/entity/commpeak
Grapefruit Trading,171.80,Fund,/explorer/entity/grapefruit-trading
Prisminvest,169.16,Fund,/explorer/entity/prisminvest
Nur Capital,164.45,Fund,/explorer/entity/nur-capital
Covesting,151.06,Fund,/explorer/entity/covesting
Woodstock Fund,144.36,Fund,/explorer/entity/woodstock-fund
Amesten Capital,134.18,Fund,/explorer/entity/amesten-capital
Based Ventures,128.45,Fund,/explorer/entity/based-ventures
Atvantis Group,124.68,Fund,/explorer/entity/atvantis-group
Velox Trading,124.65,Fund,/explorer/entity/velox-trading
Magic Ventures,124.34,Fund,/explorer/entity/magic-ventures
Aigo Group,116.55,Fund,/explorer/entity/aigo-group
Tower Trading Group,114.47,Fund,/explorer/entity/tower-trading-group
SV Angel,110.82,Fund,/explorer/entity/sv-angel
C2 Capital,106.58,Fund,/explorer/entity/c2-capital
Avstar Capital,105.56,Fund,/explorer/entity/avstar-capital
Turtle Lab,105.43,Fund,/explorer/entity/turtle-lab
Meta4 Capital,100.37,Fund,/explorer/entity/meta4-capital
Crypto20,96.46,Fund,/explorer/entity/crypto20
Gravity Team,95.40,Fund,/explorer/entity/gravity-team
Altonomy,91.83,Fund,/explorer/entity/altonomy
Efficient Frontier,89.94,Fund,/explorer/entity/efficient-frontier
Solidum Capital,87.16,Fund,/explorer/entity/solidum-capital
Kernel Ventures,83.95,Fund,/explorer/entity/kernel-ventures
Morningstar Ventures,83.93,Fund,/explorer/entity/morningstar-ventures
Klever Ventures,83.32,Fund,/explorer/entity/kleverventures
Superluminance,80.99,Fund,/explorer/entity/superluminance
Bnk to the Future,80.59,Fund,/explorer/entity/bank-to-the-future
Interblock Capital,77.66,Fund,/explorer/entity/interblock-capital
Cinnamon Labs,74.90,Fund,/explorer/entity/cinnamon-labs
Monetalis,74.05,Fund,/explorer/entity/monetalis
Manuel Romero,63.26,Fund,/explorer/entity/manuel-romero
Chernovetskyi Investment Group,60.23,Fund,/explorer/entity/chernovestky-investment-group
Centrality,59.29,Fund,/explorer/entity/centrality
Golden Gateways,59.16,Fund,/explorer/entity/golden-gateways
Flipside Investing,58.64,Fund,/explorer/entity/flipside-investing
Pelian Group,58.57,Fund,/explorer/entity/pelian-group
Yuba Securities,58.25,Fund,/explorer/entity/yuba-securities
GlobalStar,57.66,Fund,/explorer/entity/globalstar
AI360,54.16,Fund,/explorer/entity/ai360
Lindy Digital,53.55,Fund,/explorer/entity/lindy-digital
The Creations Group,52.64,Fund,/explorer/entity/the-creations-group
Andes Capital,51.94,Fund,/explorer/entity/andes-capital
Newave Capital,51.89,Fund,/explorer/entity/newave-capital
Sequoia Capital,49.99,Fund,/explorer/entity/sequoia-capital
MMXX Capital,49.87,Fund,/explorer/entity/mmxx-capital
Maelstrom Fund,48.08,Fund,/explorer/entity/maelstromfund
Kenetic Capital,47.76,Fund,/explorer/entity/kenetic-capital
Silveridge Holdings,47.34,Fund,/explorer/entity/silveridge-holdings
100X,47.04,Fund,/explorer/entity/100x
dao5,46.01,Fund,/explorer/entity/dao5
Finery Tech,45.91,Fund,/explorer/entity/finery-tech
Digital Strategies,43.63,Fund,/explorer/entity/digital-strategies
Yuntai Fund,43.34,Fund,/explorer/entity/yuntai-fund
Novatron Capital,42.72,Fund,/explorer/entity/novatron-capital
SIGTERM Inc.,41.84,Fund,/explorer/entity/sigterm-inc
Hehmeyer Nortide,41.45,Fund,/explorer/entity/hehmeyer-nortide
Ballast Capital,40.86,Fund,/explorer/entity/ballast-trading
Rising Venture,40.65,Fund,/explorer/entity/rising-venture
G-20 Group,39.38,Fund,/explorer/entity/g-20-group
Ryu Capital,38.79,Fund,/explorer/entity/ryu-capital
Kryptos Fund,38.74,Fund,/explorer/entity/kryptos-fund
Sora Ventures,37.76,Fund,/explorer/entity/sora-ventures
Qube RT,36.23,Fund,/explorer/entity/qube-rt
Unifund Capital,35.75,Fund,/explorer/entity/unifund-capital
Agnostic Fund,35.20,Fund,/explorer/entity/agnostic-fund
United Traders,33.80,Fund,/explorer/entity/united-traders
Cryptotrust Fiduciaria,33.53,Fund,/explorer/entity/cryptotrust-fiduciara
Titan Ventures,33.23,Fund,/explorer/entity/titan-ventures
IDEG,32.66,Fund,/explorer/entity/ideg
Knight Club Capital,32.42,Fund,/explorer/entity/knight-club-capital
Teesta Investment,31.99,Fund,/explorer/entity/teesta-investment
WX Capital,30.26,Fund,/explorer/entity/wx-trading
Blitz Network,27.75,Fund,/explorer/entity/blitz-network
Accent Solutions and Trade,27.20,Fund,/explorer/entity/accent-solutions-and-trade
Aureas Finance,27.18,Fund,/explorer/entity/aureas-finance
Numerium3,25.70,Fund,/explorer/entity/numerium3
BlockTower Capital,24.31,Fund,/explorer/entity/blocktower-capital
Mercy Corps Ventures,23.85,Fund,/explorer/entity/mercy-corps-ventures
dwtrades,23.19,Fund,/explorer/entity/dwtrades
Sneaky Ventures,22.40,Fund,/explorer/entity/sneaky-ventures
Global Map,21.44,Fund,/explorer/entity/global-map
Moonvault Capital,19.98,Fund,/explorer/entity/moonvault-capital
CQ Capital,19.51,Fund,/explorer/entity/cq-capital
11 Ventures,19.31,Fund,/explorer/entity/11-ventures
ZhenFund,18.09,Fund,/explorer/entity/zhenfund
CMT Digital,16.34,Fund,/explorer/entity/cmt-digital
Agatha Ventures,15.59,Fund,/explorer/entity/agatha-ventures
CrypPro,15.26,Fund,/explorer/entity/cryppro
ANB Investments,12.72,Fund,/explorer/entity/anb-investments
Starry Night Capital,12.45,Fund,/explorer/entity/starry-night-capital
Melanion Capital,12.43,Fund,/explorer/entity/melanion-capital
cyber•Fund,11.20,Fund,/explorer/entity/cyber-fund
RavenDAO,10.96,Fund,/explorer/entity/ravendao
Madlotte Fund,10.45,Fund,/explorer/entity/madlotte-fund
Eterna Capital,9.81,Fund,/explorer/entity/eterna-capital
Nirvana Capital,9.53,Fund,/explorer/entity/nirvana-capital
Ruffer Investment Company,6.07,Fund,/explorer/entity/ruffer-investment-company
JKL Group,6.05,Fund,/explorer/entity/jkl-group
Shirley McNamee Revocable Living Trust,5.47,Fund,/explorer/entity/shirley-mcnamee-revocable-living-trust
Shima Capital,5.19,Fund,/explorer/entity/shima-capital
Trovio,4.14,Fund,/explorer/entity/trovio
Chater Legend,2.58,Fund,/explorer/entity/chater-legend
QuantBlock,2.57,Fund,/explorer/entity/quantblock
Dahret Group,2.53,Fund,/explorer/entity/dahret-group
Adonai Professional Services,2.28,Fund,/explorer/entity/adonai-professional-services
Miton,2.20,Fund,/explorer/entity/miton
Cole Capital,2.19,Fund,/explorer/entity/cole-capital
Magnet Capital,2.11,Fund,/explorer/entity/magnet-capital
Dexterity Capital,2.07,Fund,/explorer/entity/dexterity-capital
Antelope Technology,1.42,Fund,/explorer/entity/antelope-technology
Point 95 Global,1.31,Fund,/explorer/entity/point95-global
Niederhoffer Capital Management,1.20,Fund,/explorer/entity/niederhoffer-capital-mgmt
Kwantum Advisory,1.20,Fund,/explorer/entity/kwantum-advisory
Parallel Capital,1.11,Fund,/explorer/entity/parallel-capital
Simuka Solutions,1.10,Fund,/explorer/entity/simuka-solutions
168 Trading,1.00,Fund,/explorer/entity/168-trading
B-Brick,0.99,Fund,/explorer/entity/b-brick-inc
Fourth Revolution Capital,0.86,Fund,/explorer/entity/fourth-revolution-capital
Fidelity FETH ETF Inflows,0.81,Fund,/explorer/entity/fidelity-ethereum-etf
"The Charles W. Gardner Living Trust Dated March 18, 2020",0.77,Fund,/explorer/entity/the-charles-w-gardner-living-trust-dated-march-18-2020
Alven Jerome Kroot Agreement Of Trust,0.76,Fund,/explorer/entity/alven-jerome-kroot-agreement-of-trust-dated-july-16-1990-amended
Bradford Group,0.76,Fund,/explorer/entity/bradford-group
Knightlight Asset Advisory,0.75,Fund,/explorer/entity/knightlight-asset-advisory
The MSL Family Trust,0.74,Fund,/explorer/entity/the-msl-family-trust
Daedalus,0.74,Fund,/explorer/entity/daedalus-angels
The Trustee For Carroll Milton Super Fund,0.73,Fund,/explorer/entity/the-trustee-for-carroll-milton-super-fund
Siddhartha Super ATF Colagiuri Superfund,0.73,Fund,/explorer/entity/siddhartha-super-atf-colagiuri-superfund
Amelyore Digital Assets Fund,0.73,Fund,/explorer/entity/amelyore-digital-assets-fund
Nuovotech,0.70,Fund,/explorer/entity/nuovotech
Lipkis Family,0.69,Fund,/explorer/entity/lipkis-family
Wahl Coats Investments,0.67,Fund,/explorer/entity/wahl-coats-investments
Weave Markets,0.66,Fund,/explorer/entity/weave-markets
Hewitt Family Superannuation Fund,0.65,Fund,/explorer/entity/hewitt-family-superannuation-fund
Rdavila II RD,0.65,Fund,/explorer/entity/rdavila-ii-rd
Geometric Quant Alpha Fund,0.63,Fund,/explorer/entity/geometric-quant-alpha-fund
Hashed,0.63,Fund,/explorer/entity/hashed
Ross H. Hadfield Trust,0.62,Fund,/explorer/entity/ross-h-hadfield-trust
Hackerdad,0.60,Fund,/explorer/entity/hackerdad
Ppecora Ddo,0.60,Fund,/explorer/entity/ppecora-ddo
Kktd Management Sub-1,0.59,Fund,/explorer/entity/kktd-management-sub-1
The Trustee Of The Grove Super Family Fund,0.58,Fund,/explorer/entity/the-trustee-of-the-grove-super-family-fund
My Holdings,0.58,Fund,/explorer/entity/my-holdings
Thomas Carruthers Auseng Super,0.58,Fund,/explorer/entity/thomas-carruthers-auseng-super
Twmt,0.58,Fund,/explorer/entity/twmt
A & L De Meio Super Fund,0.58,Fund,/explorer/entity/a-l-de-meio-super-fund
Dragonstone,0.57,Fund,/explorer/entity/dragonstone
J Vibert,0.57,Fund,/explorer/entity/j-vibert
David Gregory Family Trust,0.57,Fund,/explorer/entity/david-gregory-family-trust
Wstarr Ddo,0.57,Fund,/explorer/entity/wstarr-ddo
D Mac Investments,0.57,Fund,/explorer/entity/d-mac-investments
DSCA44 Fund,0.56,Fund,/explorer/entity/dsca44
Lindy Fund,0.56,Fund,/explorer/entity/lindy-fund
Astram Capital,0.55,Fund,/explorer/entity/astram-capital
Chamfer,0.54,Fund,/explorer/entity/chamfer
T-Blackdogmd,0.54,Fund,/explorer/entity/t-blackdogmd
Keiko Kawaii ATF Keiko Family Trust,0.52,Fund,/explorer/entity/keiko-kawaii-atf-keiko-family-trust
Link Zootopia Trustee For The Alpha Tsen Family Trust,0.52,Fund,/explorer/entity/link-zootopia-trustee-for-the-alpha-tsen-family-trust
Beyond Associates,0.51,Fund,/explorer/entity/beyond-associates
The Trustee For Hord Family Super Fund,0.51,Fund,/explorer/entity/the-trustee-for-hord-family-super-fund
Spyglass Ventures,0.50,Fund,/explorer/entity/spyglass-ventures
Cpg 401K Trust,0.50,Fund,/explorer/entity/cpg-401k-trust
David Lynch Capital Trust,0.50,Fund,/explorer/entity/david-lynch-capital-trust
Eclipse Alternative Investments,0.50,Fund,/explorer/entity/eclipse-alternative-investments
Brian T. Slater Revocable Living Trust,0.49,Fund,/explorer/entity/brian-t-slater-revocable-living-trust
Atlantis Investments Australia,0.49,Fund,/explorer/entity/atlantis-investments-australia
BLP-S401K,0.49,Fund,/explorer/entity/blp-s401k
The Eric Matthew Burt Revocable Trust,0.49,Fund,/explorer/entity/the-eric-matthew-burt-revocable-trust-dated-january-20-2012-may-be-amended
Kompaso,0.48,Fund,/explorer/entity/kompaso
Pmk Family Trust,0.48,Fund,/explorer/entity/pmk-family-trust
Kodiak Technologies,0.48,Fund,/explorer/entity/kodiak-technologies
Vanessa Nicole Blumberg Trust II,0.47,Fund,/explorer/entity/vanessa-nicole-blumberg-trust-ii
Tthomas RD,0.47,Fund,/explorer/entity/tthomas-rd
13681092 Canada,0.47,Fund,/explorer/entity/13681092-canada
Rolling Wave,0.47,Fund,/explorer/entity/rolling-wave
Pelergy,0.46,Fund,/explorer/entity/pelergy
Aether Capital,0.46,Fund,/explorer/entity/aether-capital
Vesna,0.46,Fund,/explorer/entity/vesna
Donald Macdonald Professional,0.45,Fund,/explorer/entity/donald-macdonald-professional
Mali Capital,0.45,Fund,/explorer/entity/mali-capital
AJW Investments,0.45,Fund,/explorer/entity/ajw-investments
Breen It Solutions,0.42,Fund,/explorer/entity/breen-it-solutions
Golden Oaks Nominees,0.41,Fund,/explorer/entity/golden-oaks-nominees
2825825 Ontario,0.41,Fund,/explorer/entity/2825825-ontario
Amazonica Verde,0.41,Fund,/explorer/entity/amazonica-verde
Snaritsin Roth,0.41,Fund,/explorer/entity/snaritsin-roth
Student Info Solutions,0.40,Fund,/explorer/entity/student-info-solutions
Dimensional Solutions Trustee For The Dimensional Life Trust,0.39,Fund,/explorer/entity/dimensional-solutions-trustee-for-the-dimensional-life-trust
Trustee For Josh Barrett Superannuation Fund,0.39,Fund,/explorer/entity/trustee-for-josh-barrett-superannuation-fund
Madison Trust Custodian FBO Samuel John Mueller,0.38,Fund,/explorer/entity/madison-trust-custodian-fbo-samuel-john-mueller-ira-m22012134
Mondel Investment Trust,0.38,Fund,/explorer/entity/mondel-investment-trust
Bluestream Capital Trustee For Bluestream Super Fund,0.38,Fund,/explorer/entity/bluestream-capital-trustee-for-bluestream-super-fund
Yarden Smsf Investments,0.38,Fund,/explorer/entity/yarden-smsf-investments
Grant Leigh Oliver Projects,0.37,Fund,/explorer/entity/grant-leigh-oliver-projects
Waughzone Super ATF Waughzone Superfund,0.37,Fund,/explorer/entity/waughzone-super-atf-waughzone-superfund
Indie Source,0.37,Fund,/explorer/entity/indie-source
Prosperity Story,0.37,Fund,/explorer/entity/prosperity-story
Rising Phoenix Ventures,0.36,Fund,/explorer/entity/rising-phoenix-ventures
Obsidian Express,0.36,Fund,/explorer/entity/obsidian-express
Jbey Trustee For Jbey Super Fund,0.36,Fund,/explorer/entity/jbey-trustee-for-jbey-super-fund
Blockmount Capital,0.35,Fund,/explorer/entity/blockmount-capital
Good Forrest Super,0.35,Fund,/explorer/entity/good-forrest-super
Oddbeaker,0.35,Fund,/explorer/entity/oddbeaker
Alpha Focus,0.34,Fund,/explorer/entity/alpha-focus
Tcp Investments,0.34,Fund,/explorer/entity/tcp-investments
Rwi Investment Trust,0.34,Fund,/explorer/entity/rwi-investment-trust
Spqr,0.33,Fund,/explorer/entity/spqr
Projectmr Rudman Family Superfund,0.33,Fund,/explorer/entity/projectmr-rudman-family-superfund
Digitaurus ATF Vann Family Superannuation Fund,0.33,Fund,/explorer/entity/digitaurus-atf-vann-family-superannuation-fund
River Run Capital,0.32,Fund,/explorer/entity/river-run-capital
A Better Boat,0.32,Fund,/explorer/entity/a-better-boat
Candlenest,0.32,Fund,/explorer/entity/candlenest
Dnaritsin RD,0.32,Fund,/explorer/entity/dnaritsin-rd
Heiliger Holdings,0.32,Fund,/explorer/entity/heiliger-holdings
Bryan Brashears,0.31,Fund,/explorer/entity/bryan-brashears
Pr Crypto Fund-I,0.31,Fund,/explorer/entity/pr-crypto-fund-i
Pic Crypto 401K,0.31,Fund,/explorer/entity/pic-crypto-401k
